{
  "baseline": {
    "method": "static",
    "seasonality": "weekly",
    "k": 3.2,
    "min_points_per_bucket": 8,
    "rolling_window_days": 56,
    "rolling_min_periods": 14,
    "eps": 1e-09
  },
  "baseline_break": {
    "min_breaks": 2
  },
  "drift": {
    "baseline_days": 90,
    "gap_days": 7,
    "recent_days": 14,
    "min_points": 14,
    "threshold": 1.3,
    "watch_threshold": 0.9,
    "min_confidence": 0.4,
    "weights": {
      "median_shift": 0.7,
      "var_change": 0.3,
      "ks": 0.4,
      "trend": 0.2
    },
    "eps": 1e-09
  },
  "recovery": {
    "shock_z": 2.7,
    "recover_z": 1.0,
    "require_consecutive_days": 1,
    "baseline_days": 60,
    "gap_days": 7,
    "recent_days": 21,
    "min_shocks": 2,
    "threshold": 0.5,
    "min_confidence": 0.3,
    "eps": 1e-09
  },
  "noise": {
    "baseline_days": 60,
    "gap_days": 7,
    "recent_days": 21,
    "min_points": 14,
    "threshold": 0.5,
    "min_confidence": 0.3,
    "eps": 1e-09
  },
  "data_quality": {
    "missing_fraction_warn": 0.25
  },
  "alerts": {
    "max_alerts": 8
  },
  "output": {
    "max_points": 400
  },
  "coupling": {
    "baseline_days": 90,
    "gap_days": 7,
    "recent_days": 14,
    "min_periods": 7,
    "rolling_days": 14,
    "threshold": 0.12,
    "watch_threshold": 0.08,
    "min_confidence": 0.4
  }
}