{
  "signal": {
    "name": "sleep_hours",
    "unit": "",
    "directionality": "neutral",
    "cadence": "daily"
  },
  "status": "drift",
  "summary": {
    "last_date": "2026-01-31",
    "last_value": 7.35,
    "last_expected": 7.37,
    "last_z": -0.05188390457512395,
    "missing_fraction": 0.04081632653061224,
    "drift": {
      "score": 1.4513557580002123,
      "confidence": 0.8571428571428571,
      "median_shift": 1.3749082327819342,
      "var_ratio": 1.7849950799977998,
      "ks": 0.761904761904762,
      "absz_trend": 0.051666963068693096,
      "change_point": "2026-01-10",
      "change_score": 0.5580732367495962
    },
    "recovery": {
      "score": 0.33333333322222214,
      "confidence": 1.0,
      "median_base_days": 3.0,
      "median_recent_days": 4.0,
      "ratio": 1.3333333332222221,
      "shock_z": 2.3,
      "recover_z": 1.0
    },
    "noise": {
      "score": 0.2558479480993353,
      "confidence": 1.0,
      "ratio": 1.291556329413995
    }
  },
  "alerts": [
    {
      "type": "drift",
      "status": "drift",
      "score": 1.4513557580002123,
      "confidence": 0.8571428571428571,
      "title": "Drift detected",
      "message": "Recent behavior differs from your baseline. Median shift: 1.37 z, variance ratio: 1.78. Approx change onset: 2026-01-10.",
      "signal_name": "sleep_hours",
      "created_at": "2025-12-20T23:12:39Z",
      "evidence": {
        "ts": [
          "2025-11-12",
          "2025-11-13",
          "2025-11-14",
          "2025-11-15",
          "2025-11-16",
          "2025-11-17",
          "2025-11-18",
          "2025-11-19",
          "2025-11-20",
          "2025-11-21",
          "2025-11-22",
          "2025-11-23",
          "2025-11-24",
          "2025-11-25",
          "2025-11-26",
          "2025-11-27",
          "2025-11-28",
          "2025-11-29",
          "2025-11-30",
          "2025-12-01",
          "2025-12-02",
          "2025-12-03",
          "2025-12-04",
          "2025-12-05",
          "2025-12-06",
          "2025-12-07",
          "2025-12-08",
          "2025-12-09",
          "2025-12-10",
          "2025-12-11",
          "2025-12-12",
          "2025-12-13",
          "2025-12-14",
          "2025-12-15",
          "2025-12-16",
          "2025-12-17",
          "2025-12-18",
          "2025-12-19",
          "2025-12-20",
          "2025-12-21",
          "2025-12-22",
          "2025-12-23",
          "2025-12-24",
          "2025-12-25",
          "2025-12-26",
          "2025-12-27",
          "2025-12-28",
          "2025-12-29",
          "2025-12-30",
          "2025-12-31",
          "2026-01-01",
          "2026-01-02",
          "2026-01-03",
          "2026-01-04",
          "2026-01-05",
          "2026-01-06",
          "2026-01-07",
          "2026-01-08",
          "2026-01-09",
          "2026-01-10",
          "2026-01-11",
          "2026-01-12",
          "2026-01-13",
          "2026-01-14",
          "2026-01-15",
          "2026-01-16",
          "2026-01-17",
          "2026-01-18",
          "2026-01-19",
          "2026-01-20",
          "2026-01-21",
          "2026-01-22",
          "2026-01-23",
          "2026-01-24",
          "2026-01-25",
          "2026-01-26",
          "2026-01-27",
          "2026-01-28",
          "2026-01-29",
          "2026-01-30",
          "2026-01-31"
        ],
        "value": [
          7.39,
          6.78,
          7.43,
          7.63,
          7.43,
          7.06,
          6.84,
          7.21,
          6.88,
          6.6,
          6.97,
          7.47,
          7.55,
          7.04,
          null,
          7.06,
          7.41,
          7.41,
          7.18,
          7.3,
          7.05,
          7.43,
          6.94,
          6.44,
          6.78,
          7.82,
          7.43,
          6.76,
          6.67,
          7.31,
          6.4,
          6.86,
          null,
          6.61,
          6.74,
          6.67,
          6.83,
          null,
          7.12,
          7.3,
          5.95,
          6.64,
          6.35,
          6.21,
          6.31,
          6.89,
          7.32,
          6.12,
          6.58,
          6.39,
          6.44,
          null,
          7.12,
          7.38,
          6.45,
          6.25,
          6.4,
          6.55,
          6.52,
          6.47,
          6.87,
          6.5,
          7.29,
          7.06,
          6.09,
          6.27,
          6.25,
          6.55,
          null,
          6.75,
          6.06,
          6.08,
          null,
          6.62,
          6.3,
          6.07,
          5.94,
          6.2,
          5.61,
          5.7,
          7.35
        ],
        "expected": [
          7.05,
          6.925,
          6.975,
          7.37,
          7.425,
          7.005,
          6.955,
          7.05,
          6.925,
          6.975,
          7.37,
          7.425,
          7.005,
          6.955,
          7.05,
          6.925,
          6.975,
          7.37,
          7.425,
          7.005,
          6.955,
          7.05,
          6.925,
          6.975,
          7.37,
          7.425,
          7.005,
          6.955,
          7.05,
          6.925,
          6.975,
          7.37,
          7.425,
          7.005,
          6.955,
          7.05,
          6.925,
          6.975,
          7.37,
          7.425,
          7.005,
          6.955,
          7.05,
          6.925,
          6.975,
          7.37,
          7.425,
          7.005,
          6.955,
          7.05,
          6.925,
          6.975,
          7.37,
          7.425,
          7.005,
          6.955,
          7.05,
          6.925,
          6.975,
          7.37,
          7.425,
          7.005,
          6.955,
          7.05,
          6.925,
          6.975,
          7.37,
          7.425,
          7.005,
          6.955,
          7.05,
          6.925,
          6.975,
          7.37,
          7.425,
          7.005,
          6.955,
          7.05,
          6.925,
          6.975,
          7.37
        ],
        "lower": [
          5.7423468,
          5.513564800000001,
          5.480539200000001,
          6.2906672000000015,
          6.7607952,
          5.6765903999999985,
          6.1662568,
          5.7423468,
          5.513564800000001,
          5.480539200000001,
          6.2906672000000015,
          6.7607952,
          5.6765903999999985,
          6.1662568,
          5.7423468,
          5.513564800000001,
          5.480539200000001,
          6.2906672000000015,
          6.7607952,
          5.6765903999999985,
          6.1662568,
          5.7423468,
          5.513564800000001,
          5.480539200000001,
          6.2906672000000015,
          6.7607952,
          5.6765903999999985,
          6.1662568,
          5.7423468,
          5.513564800000001,
          5.480539200000001,
          6.2906672000000015,
          6.7607952,
          5.6765903999999985,
          6.1662568,
          5.7423468,
          5.513564800000001,
          5.480539200000001,
          6.2906672000000015,
          6.7607952,
          5.6765903999999985,
          6.1662568,
          5.7423468,
          5.513564800000001,
          5.480539200000001,
          6.2906672000000015,
          6.7607952,
          5.6765903999999985,
          6.1662568,
          5.7423468,
          5.513564800000001,
          5.480539200000001,
          6.2906672000000015,
          6.7607952,
          5.6765903999999985,
          6.1662568,
          5.7423468,
          5.513564800000001,
          5.480539200000001,
          6.2906672000000015,
          6.7607952,
          5.6765903999999985,
          6.1662568,
          5.7423468,
          5.513564800000001,
          5.480539200000001,
          6.2906672000000015,
          6.7607952,
          5.6765903999999985,
          6.1662568,
          5.7423468,
          5.513564800000001,
          5.480539200000001,
          6.2906672000000015,
          6.7607952,
          5.6765903999999985,
          6.1662568,
          5.7423468,
          5.513564800000001,
          5.480539200000001,
          6.2906672000000015
        ],
        "upper": [
          8.3576532,
          8.336435199999999,
          8.469460799999998,
          8.449332799999999,
          8.089204800000001,
          8.333409600000001,
          7.7437432,
          8.3576532,
          8.336435199999999,
          8.469460799999998,
          8.449332799999999,
          8.089204800000001,
          8.333409600000001,
          7.7437432,
          8.3576532,
          8.336435199999999,
          8.469460799999998,
          8.449332799999999,
          8.089204800000001,
          8.333409600000001,
          7.7437432,
          8.3576532,
          8.336435199999999,
          8.469460799999998,
          8.449332799999999,
          8.089204800000001,
          8.333409600000001,
          7.7437432,
          8.3576532,
          8.336435199999999,
          8.469460799999998,
          8.449332799999999,
          8.089204800000001,
          8.333409600000001,
          7.7437432,
          8.3576532,
          8.336435199999999,
          8.469460799999998,
          8.449332799999999,
          8.089204800000001,
          8.333409600000001,
          7.7437432,
          8.3576532,
          8.336435199999999,
          8.469460799999998,
          8.449332799999999,
          8.089204800000001,
          8.333409600000001,
          7.7437432,
          8.3576532,
          8.336435199999999,
          8.469460799999998,
          8.449332799999999,
          8.089204800000001,
          8.333409600000001,
          7.7437432,
          8.3576532,
          8.336435199999999,
          8.469460799999998,
          8.449332799999999,
          8.089204800000001,
          8.333409600000001,
          7.7437432,
          8.3576532,
          8.336435199999999,
          8.469460799999998,
          8.449332799999999,
          8.089204800000001,
          8.333409600000001,
          7.7437432,
          8.3576532,
          8.336435199999999,
          8.469460799999998,
          8.449332799999999,
          8.089204800000001,
          8.333409600000001,
          7.7437432,
          8.3576532,
          8.336435199999999,
          8.469460799999998,
          8.449332799999999
        ],
        "z": [
          0.7280217721334676,
          -0.28765047095325313,
          0.8524813765606972,
          0.6744907594765952,
          0.02107783623364313,
          0.1159280992850391,
          -0.4082444070516243,
          0.3425984810039852,
          -0.08927083581307868,
          -0.7025945411214536,
          -1.037678091502456,
          0.18970052610279192,
          1.148742074733575,
          0.3017458660816347,
          null,
          0.267812507439236,
          0.8150096677008871,
          0.1037678091502456,
          -1.032813975448536,
          0.6217961688924855,
          0.3372453797382968,
          0.813671392384464,
          0.0297569452710274,
          -1.002368211999939,
          -1.5305751849661209,
          1.6651490624578449,
          0.8958080399298518,
          -0.6922405163049279,
          -0.813671392384464,
          0.7637615952896739,
          -1.0773116297195608,
          -1.3230395666656296,
          null,
          -0.8325745312289206,
          -0.7632395436182522,
          -0.813671392384464,
          -0.1884606533831659,
          null,
          -0.6485488071890344,
          -0.5269459058410895,
          -2.223711722649397,
          -1.1182346801848833,
          -1.4988683543924344,
          -1.418414391252252,
          -1.2459343195887111,
          -1.2452137098029472,
          -0.44263456090651326,
          -1.8653885066774565,
          -1.3312317621248595,
          -1.4132187341414382,
          -0.9621412304298483,
          null,
          -0.6485488071890344,
          -0.18970052610279192,
          -1.169819910967218,
          -2.502715712794736,
          -1.3918063290786875,
          -0.7439236317756568,
          -0.8524813765606972,
          -2.3347757058805247,
          -2.339639821934436,
          -1.0644307297990006,
          1.1892337074982076,
          0.0214124050627486,
          -1.6564699534204623,
          -1.320877737308333,
          -2.9054986562068743,
          -3.6886213408876265,
          null,
          -0.72774002996159,
          -2.119828101212157,
          -1.6763079169344794,
          null,
          -1.9456464215671032,
          -4.742513152569805,
          -1.970777687845674,
          -3.603200636151285,
          -1.8200544303336692,
          -2.608692202093302,
          -2.3888214398129413,
          -0.05188390457512395
        ],
        "window_start": "2025-11-12",
        "window_end": "2026-01-31",
        "annotations": []
      }
    },
    {
      "type": "baseline_break",
      "status": "watch",
      "score": 0.21428571428571427,
      "confidence": 0.8571428571428571,
      "title": "Baseline breaks",
      "message": "3 day(s) in the last 14 were outside your normal band.",
      "signal_name": "sleep_hours",
      "created_at": "2025-12-20T23:12:39Z",
      "evidence": {
        "ts": [
          "2026-01-04",
          "2026-01-05",
          "2026-01-06",
          "2026-01-07",
          "2026-01-08",
          "2026-01-09",
          "2026-01-10",
          "2026-01-11",
          "2026-01-12",
          "2026-01-13",
          "2026-01-14",
          "2026-01-15",
          "2026-01-16",
          "2026-01-17",
          "2026-01-18",
          "2026-01-19",
          "2026-01-20",
          "2026-01-21",
          "2026-01-22",
          "2026-01-23",
          "2026-01-24",
          "2026-01-25",
          "2026-01-26",
          "2026-01-27",
          "2026-01-28",
          "2026-01-29",
          "2026-01-30",
          "2026-01-31"
        ],
        "value": [
          7.38,
          6.45,
          6.25,
          6.4,
          6.55,
          6.52,
          6.47,
          6.87,
          6.5,
          7.29,
          7.06,
          6.09,
          6.27,
          6.25,
          6.55,
          null,
          6.75,
          6.06,
          6.08,
          null,
          6.62,
          6.3,
          6.07,
          5.94,
          6.2,
          5.61,
          5.7,
          7.35
        ],
        "expected": [
          7.425,
          7.005,
          6.955,
          7.05,
          6.925,
          6.975,
          7.37,
          7.425,
          7.005,
          6.955,
          7.05,
          6.925,
          6.975,
          7.37,
          7.425,
          7.005,
          6.955,
          7.05,
          6.925,
          6.975,
          7.37,
          7.425,
          7.005,
          6.955,
          7.05,
          6.925,
          6.975,
          7.37
        ],
        "lower": [
          6.7607952,
          5.6765903999999985,
          6.1662568,
          5.7423468,
          5.513564800000001,
          5.480539200000001,
          6.2906672000000015,
          6.7607952,
          5.6765903999999985,
          6.1662568,
          5.7423468,
          5.513564800000001,
          5.480539200000001,
          6.2906672000000015,
          6.7607952,
          5.6765903999999985,
          6.1662568,
          5.7423468,
          5.513564800000001,
          5.480539200000001,
          6.2906672000000015,
          6.7607952,
          5.6765903999999985,
          6.1662568,
          5.7423468,
          5.513564800000001,
          5.480539200000001,
          6.2906672000000015
        ],
        "upper": [
          8.089204800000001,
          8.333409600000001,
          7.7437432,
          8.3576532,
          8.336435199999999,
          8.469460799999998,
          8.449332799999999,
          8.089204800000001,
          8.333409600000001,
          7.7437432,
          8.3576532,
          8.336435199999999,
          8.469460799999998,
          8.449332799999999,
          8.089204800000001,
          8.333409600000001,
          7.7437432,
          8.3576532,
          8.336435199999999,
          8.469460799999998,
          8.449332799999999,
          8.089204800000001,
          8.333409600000001,
          7.7437432,
          8.3576532,
          8.336435199999999,
          8.469460799999998,
          8.449332799999999
        ],
        "z": [
          -0.18970052610279192,
          -1.169819910967218,
          -2.502715712794736,
          -1.3918063290786875,
          -0.7439236317756568,
          -0.8524813765606972,
          -2.3347757058805247,
          -2.339639821934436,
          -1.0644307297990006,
          1.1892337074982076,
          0.0214124050627486,
          -1.6564699534204623,
          -1.320877737308333,
          -2.9054986562068743,
          -3.6886213408876265,
          null,
          -0.72774002996159,
          -2.119828101212157,
          -1.6763079169344794,
          null,
          -1.9456464215671032,
          -4.742513152569805,
          -1.970777687845674,
          -3.603200636151285,
          -1.8200544303336692,
          -2.608692202093302,
          -2.3888214398129413,
          -0.05188390457512395
        ],
        "window_start": "2026-01-04",
        "window_end": "2026-01-31",
        "annotations": []
      }
    }
  ],
  "series": {
    "ts": [
      "2025-06-01",
      "2025-06-02",
      "2025-06-03",
      "2025-06-04",
      "2025-06-05",
      "2025-06-06",
      "2025-06-07",
      "2025-06-08",
      "2025-06-09",
      "2025-06-10",
      "2025-06-11",
      "2025-06-12",
      "2025-06-13",
      "2025-06-14",
      "2025-06-15",
      "2025-06-16",
      "2025-06-17",
      "2025-06-18",
      "2025-06-19",
      "2025-06-20",
      "2025-06-21",
      "2025-06-22",
      "2025-06-23",
      "2025-06-24",
      "2025-06-25",
      "2025-06-26",
      "2025-06-27",
      "2025-06-28",
      "2025-06-29",
      "2025-06-30",
      "2025-07-01",
      "2025-07-02",
      "2025-07-03",
      "2025-07-04",
      "2025-07-05",
      "2025-07-06",
      "2025-07-07",
      "2025-07-08",
      "2025-07-09",
      "2025-07-10",
      "2025-07-11",
      "2025-07-12",
      "2025-07-13",
      "2025-07-14",
      "2025-07-15",
      "2025-07-16",
      "2025-07-17",
      "2025-07-18",
      "2025-07-19",
      "2025-07-20",
      "2025-07-21",
      "2025-07-22",
      "2025-07-23",
      "2025-07-24",
      "2025-07-25",
      "2025-07-26",
      "2025-07-27",
      "2025-07-28",
      "2025-07-29",
      "2025-07-30",
      "2025-07-31",
      "2025-08-01",
      "2025-08-02",
      "2025-08-03",
      "2025-08-04",
      "2025-08-05",
      "2025-08-06",
      "2025-08-07",
      "2025-08-08",
      "2025-08-09",
      "2025-08-10",
      "2025-08-11",
      "2025-08-12",
      "2025-08-13",
      "2025-08-14",
      "2025-08-15",
      "2025-08-16",
      "2025-08-17",
      "2025-08-18",
      "2025-08-19",
      "2025-08-20",
      "2025-08-21",
      "2025-08-22",
      "2025-08-23",
      "2025-08-24",
      "2025-08-25",
      "2025-08-26",
      "2025-08-27",
      "2025-08-28",
      "2025-08-29",
      "2025-08-30",
      "2025-08-31",
      "2025-09-01",
      "2025-09-02",
      "2025-09-03",
      "2025-09-04",
      "2025-09-05",
      "2025-09-06",
      "2025-09-07",
      "2025-09-08",
      "2025-09-09",
      "2025-09-10",
      "2025-09-11",
      "2025-09-12",
      "2025-09-13",
      "2025-09-14",
      "2025-09-15",
      "2025-09-16",
      "2025-09-17",
      "2025-09-18",
      "2025-09-19",
      "2025-09-20",
      "2025-09-21",
      "2025-09-22",
      "2025-09-23",
      "2025-09-24",
      "2025-09-25",
      "2025-09-26",
      "2025-09-27",
      "2025-09-28",
      "2025-09-29",
      "2025-09-30",
      "2025-10-01",
      "2025-10-02",
      "2025-10-03",
      "2025-10-04",
      "2025-10-05",
      "2025-10-06",
      "2025-10-07",
      "2025-10-08",
      "2025-10-09",
      "2025-10-10",
      "2025-10-11",
      "2025-10-12",
      "2025-10-13",
      "2025-10-14",
      "2025-10-15",
      "2025-10-16",
      "2025-10-17",
      "2025-10-18",
      "2025-10-19",
      "2025-10-20",
      "2025-10-21",
      "2025-10-22",
      "2025-10-23",
      "2025-10-24",
      "2025-10-25",
      "2025-10-26",
      "2025-10-27",
      "2025-10-28",
      "2025-10-29",
      "2025-10-30",
      "2025-10-31",
      "2025-11-01",
      "2025-11-02",
      "2025-11-03",
      "2025-11-04",
      "2025-11-05",
      "2025-11-06",
      "2025-11-07",
      "2025-11-08",
      "2025-11-09",
      "2025-11-10",
      "2025-11-11",
      "2025-11-12",
      "2025-11-13",
      "2025-11-14",
      "2025-11-15",
      "2025-11-16",
      "2025-11-17",
      "2025-11-18",
      "2025-11-19",
      "2025-11-20",
      "2025-11-21",
      "2025-11-22",
      "2025-11-23",
      "2025-11-24",
      "2025-11-25",
      "2025-11-26",
      "2025-11-27",
      "2025-11-28",
      "2025-11-29",
      "2025-11-30",
      "2025-12-01",
      "2025-12-02",
      "2025-12-03",
      "2025-12-04",
      "2025-12-05",
      "2025-12-06",
      "2025-12-07",
      "2025-12-08",
      "2025-12-09",
      "2025-12-10",
      "2025-12-11",
      "2025-12-12",
      "2025-12-13",
      "2025-12-14",
      "2025-12-15",
      "2025-12-16",
      "2025-12-17",
      "2025-12-18",
      "2025-12-19",
      "2025-12-20",
      "2025-12-21",
      "2025-12-22",
      "2025-12-23",
      "2025-12-24",
      "2025-12-25",
      "2025-12-26",
      "2025-12-27",
      "2025-12-28",
      "2025-12-29",
      "2025-12-30",
      "2025-12-31",
      "2026-01-01",
      "2026-01-02",
      "2026-01-03",
      "2026-01-04",
      "2026-01-05",
      "2026-01-06",
      "2026-01-07",
      "2026-01-08",
      "2026-01-09",
      "2026-01-10",
      "2026-01-11",
      "2026-01-12",
      "2026-01-13",
      "2026-01-14",
      "2026-01-15",
      "2026-01-16",
      "2026-01-17",
      "2026-01-18",
      "2026-01-19",
      "2026-01-20",
      "2026-01-21",
      "2026-01-22",
      "2026-01-23",
      "2026-01-24",
      "2026-01-25",
      "2026-01-26",
      "2026-01-27",
      "2026-01-28",
      "2026-01-29",
      "2026-01-30",
      "2026-01-31"
    ],
    "value": [
      7.61,
      6.74,
      7.36,
      7.43,
      6.42,
      6.64,
      7.54,
      7.39,
      7.09,
      6.8,
      7.41,
      7.37,
      7.12,
      7.89,
      7.66,
      6.8,
      null,
      6.76,
      7.41,
      7.08,
      7.44,
      7.26,
      7.53,
      7.05,
      6.95,
      null,
      7.29,
      7.63,
      7.64,
      7.25,
      7.85,
      6.96,
      6.92,
      6.82,
      7.72,
      7.9,
      7.06,
      6.81,
      6.81,
      7.33,
      7.36,
      7.69,
      7.27,
      7.18,
      7.14,
      7.18,
      7.41,
      7.18,
      7.74,
      7.52,
      7.2,
      7.32,
      6.59,
      6.99,
      6.94,
      3.5,
      null,
      7.62,
      6.8,
      7.44,
      6.51,
      6.98,
      7.56,
      null,
      7.35,
      7.38,
      6.98,
      6.94,
      7.4,
      7.43,
      7.05,
      6.7,
      6.78,
      7.27,
      7.15,
      7.34,
      7.35,
      7.56,
      7.32,
      6.99,
      7.26,
      6.87,
      6.97,
      7.37,
      7.08,
      7.27,
      6.94,
      7.1,
      7.27,
      7.26,
      7.73,
      7.47,
      6.95,
      7.07,
      6.51,
      6.59,
      6.64,
      7.15,
      7.64,
      6.78,
      6.97,
      7.55,
      6.98,
      7.36,
      7.17,
      7.43,
      6.77,
      6.98,
      7.39,
      6.5,
      7.25,
      7.58,
      7.29,
      6.59,
      7.13,
      6.91,
      7.18,
      7.11,
      8.06,
      7.42,
      6.74,
      7.16,
      7.18,
      7.58,
      7.39,
      7.62,
      8.01,
      6.68,
      6.88,
      6.78,
      6.96,
      6.62,
      7.72,
      7.42,
      6.59,
      6.74,
      7.21,
      7.39,
      7.8,
      8.52,
      7.65,
      6.75,
      6.35,
      7.19,
      6.82,
      6.95,
      7.29,
      7.45,
      7.47,
      7.15,
      7.04,
      6.74,
      6.51,
      7.33,
      7.48,
      7.72,
      7.15,
      7.44,
      6.93,
      6.69,
      7.16,
      7.25,
      7.84,
      6.81,
      7.39,
      6.78,
      7.43,
      7.63,
      7.43,
      7.06,
      6.84,
      7.21,
      6.88,
      6.6,
      6.97,
      7.47,
      7.55,
      7.04,
      null,
      7.06,
      7.41,
      7.41,
      7.18,
      7.3,
      7.05,
      7.43,
      6.94,
      6.44,
      6.78,
      7.82,
      7.43,
      6.76,
      6.67,
      7.31,
      6.4,
      6.86,
      null,
      6.61,
      6.74,
      6.67,
      6.83,
      null,
      7.12,
      7.3,
      5.95,
      6.64,
      6.35,
      6.21,
      6.31,
      6.89,
      7.32,
      6.12,
      6.58,
      6.39,
      6.44,
      null,
      7.12,
      7.38,
      6.45,
      6.25,
      6.4,
      6.55,
      6.52,
      6.47,
      6.87,
      6.5,
      7.29,
      7.06,
      6.09,
      6.27,
      6.25,
      6.55,
      null,
      6.75,
      6.06,
      6.08,
      null,
      6.62,
      6.3,
      6.07,
      5.94,
      6.2,
      5.61,
      5.7,
      7.35
    ],
    "expected": [
      7.425,
      7.005,
      6.955,
      7.05,
      6.925,
      6.975,
      7.37,
      7.425,
      7.005,
      6.955,
      7.05,
      6.925,
      6.975,
      7.37,
      7.425,
      7.005,
      6.955,
      7.05,
      6.925,
      6.975,
      7.37,
      7.425,
      7.005,
      6.955,
      7.05,
      6.925,
      6.975,
      7.37,
      7.425,
      7.005,
      6.955,
      7.05,
      6.925,
      6.975,
      7.37,
      7.425,
      7.005,
      6.955,
      7.05,
      6.925,
      6.975,
      7.37,
      7.425,
      7.005,
      6.955,
      7.05,
      6.925,
      6.975,
      7.37,
      7.425,
      7.005,
      6.955,
      7.05,
      6.925,
      6.975,
      7.37,
      7.425,
      7.005,
      6.955,
      7.05,
      6.925,
      6.975,
      7.37,
      7.425,
      7.005,
      6.955,
      7.05,
      6.925,
      6.975,
      7.37,
      7.425,
      7.005,
      6.955,
      7.05,
      6.925,
      6.975,
      7.37,
      7.425,
      7.005,
      6.955,
      7.05,
      6.925,
      6.975,
      7.37,
      7.425,
      7.005,
      6.955,
      7.05,
      6.925,
      6.975,
      7.37,
      7.425,
      7.005,
      6.955,
      7.05,
      6.925,
      6.975,
      7.37,
      7.425,
      7.005,
      6.955,
      7.05,
      6.925,
      6.975,
      7.37,
      7.425,
      7.005,
      6.955,
      7.05,
      6.925,
      6.975,
      7.37,
      7.425,
      7.005,
      6.955,
      7.05,
      6.925,
      6.975,
      7.37,
      7.425,
      7.005,
      6.955,
      7.05,
      6.925,
      6.975,
      7.37,
      7.425,
      7.005,
      6.955,
      7.05,
      6.925,
      6.975,
      7.37,
      7.425,
      7.005,
      6.955,
      7.05,
      6.925,
      6.975,
      7.37,
      7.425,
      7.005,
      6.955,
      7.05,
      6.925,
      6.975,
      7.37,
      7.425,
      7.005,
      6.955,
      7.05,
      6.925,
      6.975,
      7.37,
      7.425,
      7.005,
      6.955,
      7.05,
      6.925,
      6.975,
      7.37,
      7.425,
      7.005,
      6.955,
      7.05,
      6.925,
      6.975,
      7.37,
      7.425,
      7.005,
      6.955,
      7.05,
      6.925,
      6.975,
      7.37,
      7.425,
      7.005,
      6.955,
      7.05,
      6.925,
      6.975,
      7.37,
      7.425,
      7.005,
      6.955,
      7.05,
      6.925,
      6.975,
      7.37,
      7.425,
      7.005,
      6.955,
      7.05,
      6.925,
      6.975,
      7.37,
      7.425,
      7.005,
      6.955,
      7.05,
      6.925,
      6.975,
      7.37,
      7.425,
      7.005,
      6.955,
      7.05,
      6.925,
      6.975,
      7.37,
      7.425,
      7.005,
      6.955,
      7.05,
      6.925,
      6.975,
      7.37,
      7.425,
      7.005,
      6.955,
      7.05,
      6.925,
      6.975,
      7.37,
      7.425,
      7.005,
      6.955,
      7.05,
      6.925,
      6.975,
      7.37,
      7.425,
      7.005,
      6.955,
      7.05,
      6.925,
      6.975,
      7.37,
      7.425,
      7.005,
      6.955,
      7.05,
      6.925,
      6.975,
      7.37
    ],
    "lower": [
      6.7607952,
      5.6765903999999985,
      6.1662568,
      5.7423468,
      5.513564800000001,
      5.480539200000001,
      6.2906672000000015,
      6.7607952,
      5.6765903999999985,
      6.1662568,
      5.7423468,
      5.513564800000001,
      5.480539200000001,
      6.2906672000000015,
      6.7607952,
      5.6765903999999985,
      6.1662568,
      5.7423468,
      5.513564800000001,
      5.480539200000001,
      6.2906672000000015,
      6.7607952,
      5.6765903999999985,
      6.1662568,
      5.7423468,
      5.513564800000001,
      5.480539200000001,
      6.2906672000000015,
      6.7607952,
      5.6765903999999985,
      6.1662568,
      5.7423468,
      5.513564800000001,
      5.480539200000001,
      6.2906672000000015,
      6.7607952,
      5.6765903999999985,
      6.1662568,
      5.7423468,
      5.513564800000001,
      5.480539200000001,
      6.2906672000000015,
      6.7607952,
      5.6765903999999985,
      6.1662568,
      5.7423468,
      5.513564800000001,
      5.480539200000001,
      6.2906672000000015,
      6.7607952,
      5.6765903999999985,
      6.1662568,
      5.7423468,
      5.513564800000001,
      5.480539200000001,
      6.2906672000000015,
      6.7607952,
      5.6765903999999985,
      6.1662568,
      5.7423468,
      5.513564800000001,
      5.480539200000001,
      6.2906672000000015,
      6.7607952,
      5.6765903999999985,
      6.1662568,
      5.7423468,
      5.513564800000001,
      5.480539200000001,
      6.2906672000000015,
      6.7607952,
      5.6765903999999985,
      6.1662568,
      5.7423468,
      5.513564800000001,
      5.480539200000001,
      6.2906672000000015,
      6.7607952,
      5.6765903999999985,
      6.1662568,
      5.7423468,
      5.513564800000001,
      5.480539200000001,
      6.2906672000000015,
      6.7607952,
      5.6765903999999985,
      6.1662568,
      5.7423468,
      5.513564800000001,
      5.480539200000001,
      6.2906672000000015,
      6.7607952,
      5.6765903999999985,
      6.1662568,
      5.7423468,
      5.513564800000001,
      5.480539200000001,
      6.2906672000000015,
      6.7607952,
      5.6765903999999985,
      6.1662568,
      5.7423468,
      5.513564800000001,
      5.480539200000001,
      6.2906672000000015,
      6.7607952,
      5.6765903999999985,
      6.1662568,
      5.7423468,
      5.513564800000001,
      5.480539200000001,
      6.2906672000000015,
      6.7607952,
      5.6765903999999985,
      6.1662568,
      5.7423468,
      5.513564800000001,
      5.480539200000001,
      6.2906672000000015,
      6.7607952,
      5.6765903999999985,
      6.1662568,
      5.7423468,
      5.513564800000001,
      5.480539200000001,
      6.2906672000000015,
      6.7607952,
      5.6765903999999985,
      6.1662568,
      5.7423468,
      5.513564800000001,
      5.480539200000001,
      6.2906672000000015,
      6.7607952,
      5.6765903999999985,
      6.1662568,
      5.7423468,
      5.513564800000001,
      5.480539200000001,
      6.2906672000000015,
      6.7607952,
      5.6765903999999985,
      6.1662568,
      5.7423468,
      5.513564800000001,
      5.480539200000001,
      6.2906672000000015,
      6.7607952,
      5.6765903999999985,
      6.1662568,
      5.7423468,
      5.513564800000001,
      5.480539200000001,
      6.2906672000000015,
      6.7607952,
      5.6765903999999985,
      6.1662568,
      5.7423468,
      5.513564800000001,
      5.480539200000001,
      6.2906672000000015,
      6.7607952,
      5.6765903999999985,
      6.1662568,
      5.7423468,
      5.513564800000001,
      5.480539200000001,
      6.2906672000000015,
      6.7607952,
      5.6765903999999985,
      6.1662568,
      5.7423468,
      5.513564800000001,
      5.480539200000001,
      6.2906672000000015,
      6.7607952,
      5.6765903999999985,
      6.1662568,
      5.7423468,
      5.513564800000001,
      5.480539200000001,
      6.2906672000000015,
      6.7607952,
      5.6765903999999985,
      6.1662568,
      5.7423468,
      5.513564800000001,
      5.480539200000001,
      6.2906672000000015,
      6.7607952,
      5.6765903999999985,
      6.1662568,
      5.7423468,
      5.513564800000001,
      5.480539200000001,
      6.2906672000000015,
      6.7607952,
      5.6765903999999985,
      6.1662568,
      5.7423468,
      5.513564800000001,
      5.480539200000001,
      6.2906672000000015,
      6.7607952,
      5.6765903999999985,
      6.1662568,
      5.7423468,
      5.513564800000001,
      5.480539200000001,
      6.2906672000000015,
      6.7607952,
      5.6765903999999985,
      6.1662568,
      5.7423468,
      5.513564800000001,
      5.480539200000001,
      6.2906672000000015,
      6.7607952,
      5.6765903999999985,
      6.1662568,
      5.7423468,
      5.513564800000001,
      5.480539200000001,
      6.2906672000000015,
      6.7607952,
      5.6765903999999985,
      6.1662568,
      5.7423468,
      5.513564800000001,
      5.480539200000001,
      6.2906672000000015,
      6.7607952,
      5.6765903999999985,
      6.1662568,
      5.7423468,
      5.513564800000001,
      5.480539200000001,
      6.2906672000000015,
      6.7607952,
      5.6765903999999985,
      6.1662568,
      5.7423468,
      5.513564800000001,
      5.480539200000001,
      6.2906672000000015
    ],
    "upper": [
      8.089204800000001,
      8.333409600000001,
      7.7437432,
      8.3576532,
      8.336435199999999,
      8.469460799999998,
      8.449332799999999,
      8.089204800000001,
      8.333409600000001,
      7.7437432,
      8.3576532,
      8.336435199999999,
      8.469460799999998,
      8.449332799999999,
      8.089204800000001,
      8.333409600000001,
      7.7437432,
      8.3576532,
      8.336435199999999,
      8.469460799999998,
      8.449332799999999,
      8.089204800000001,
      8.333409600000001,
      7.7437432,
      8.3576532,
      8.336435199999999,
      8.469460799999998,
      8.449332799999999,
      8.089204800000001,
      8.333409600000001,
      7.7437432,
      8.3576532,
      8.336435199999999,
      8.469460799999998,
      8.449332799999999,
      8.089204800000001,
      8.333409600000001,
      7.7437432,
      8.3576532,
      8.336435199999999,
      8.469460799999998,
      8.449332799999999,
      8.089204800000001,
      8.333409600000001,
      7.7437432,
      8.3576532,
      8.336435199999999,
      8.469460799999998,
      8.449332799999999,
      8.089204800000001,
      8.333409600000001,
      7.7437432,
      8.3576532,
      8.336435199999999,
      8.469460799999998,
      8.449332799999999,
      8.089204800000001,
      8.333409600000001,
      7.7437432,
      8.3576532,
      8.336435199999999,
      8.469460799999998,
      8.449332799999999,
      8.089204800000001,
      8.333409600000001,
      7.7437432,
      8.3576532,
      8.336435199999999,
      8.469460799999998,
      8.449332799999999,
      8.089204800000001,
      8.333409600000001,
      7.7437432,
      8.3576532,
      8.336435199999999,
      8.469460799999998,
      8.449332799999999,
      8.089204800000001,
      8.333409600000001,
      7.7437432,
      8.3576532,
      8.336435199999999,
      8.469460799999998,
      8.449332799999999,
      8.089204800000001,
      8.333409600000001,
      7.7437432,
      8.3576532,
      8.336435199999999,
      8.469460799999998,
      8.449332799999999,
      8.089204800000001,
      8.333409600000001,
      7.7437432,
      8.3576532,
      8.336435199999999,
      8.469460799999998,
      8.449332799999999,
      8.089204800000001,
      8.333409600000001,
      7.7437432,
      8.3576532,
      8.336435199999999,
      8.469460799999998,
      8.449332799999999,
      8.089204800000001,
      8.333409600000001,
      7.7437432,
      8.3576532,
      8.336435199999999,
      8.469460799999998,
      8.449332799999999,
      8.089204800000001,
      8.333409600000001,
      7.7437432,
      8.3576532,
      8.336435199999999,
      8.469460799999998,
      8.449332799999999,
      8.089204800000001,
      8.333409600000001,
      7.7437432,
      8.3576532,
      8.336435199999999,
      8.469460799999998,
      8.449332799999999,
      8.089204800000001,
      8.333409600000001,
      7.7437432,
      8.3576532,
      8.336435199999999,
      8.469460799999998,
      8.449332799999999,
      8.089204800000001,
      8.333409600000001,
      7.7437432,
      8.3576532,
      8.336435199999999,
      8.469460799999998,
      8.449332799999999,
      8.089204800000001,
      8.333409600000001,
      7.7437432,
      8.3576532,
      8.336435199999999,
      8.469460799999998,
      8.449332799999999,
      8.089204800000001,
      8.333409600000001,
      7.7437432,
      8.3576532,
      8.336435199999999,
      8.469460799999998,
      8.449332799999999,
      8.089204800000001,
      8.333409600000001,
      7.7437432,
      8.3576532,
      8.336435199999999,
      8.469460799999998,
      8.449332799999999,
      8.089204800000001,
      8.333409600000001,
      7.7437432,
      8.3576532,
      8.336435199999999,
      8.469460799999998,
      8.449332799999999,
      8.089204800000001,
      8.333409600000001,
      7.7437432,
      8.3576532,
      8.336435199999999,
      8.469460799999998,
      8.449332799999999,
      8.089204800000001,
      8.333409600000001,
      7.7437432,
      8.3576532,
      8.336435199999999,
      8.469460799999998,
      8.449332799999999,
      8.089204800000001,
      8.333409600000001,
      7.7437432,
      8.3576532,
      8.336435199999999,
      8.469460799999998,
      8.449332799999999,
      8.089204800000001,
      8.333409600000001,
      7.7437432,
      8.3576532,
      8.336435199999999,
      8.469460799999998,
      8.449332799999999,
      8.089204800000001,
      8.333409600000001,
      7.7437432,
      8.3576532,
      8.336435199999999,
      8.469460799999998,
      8.449332799999999,
      8.089204800000001,
      8.333409600000001,
      7.7437432,
      8.3576532,
      8.336435199999999,
      8.469460799999998,
      8.449332799999999,
      8.089204800000001,
      8.333409600000001,
      7.7437432,
      8.3576532,
      8.336435199999999,
      8.469460799999998,
      8.449332799999999,
      8.089204800000001,
      8.333409600000001,
      7.7437432,
      8.3576532,
      8.336435199999999,
      8.469460799999998,
      8.449332799999999,
      8.089204800000001,
      8.333409600000001,
      7.7437432,
      8.3576532,
      8.336435199999999,
      8.469460799999998,
      8.449332799999999,
      8.089204800000001,
      8.333409600000001,
      7.7437432,
      8.3576532,
      8.336435199999999,
      8.469460799999998,
      8.449332799999999,
      8.089204800000001,
      8.333409600000001,
      7.7437432,
      8.3576532,
      8.336435199999999,
      8.469460799999998,
      8.449332799999999
    ],
    "z": [
      0.7798799406448146,
      -0.5585626601915542,
      1.437730303094849,
      0.813671392384464,
      -1.0018171574578842,
      -0.6276511234018318,
      0.4410131888885432,
      -0.14754485363550565,
      0.17916160798597036,
      -0.5502424616782761,
      0.7708465822589667,
      0.88278937637378,
      0.2716698892336296,
      1.3489815189531904,
      0.9906583029812497,
      -0.43209564278969353,
      null,
      -0.6209597468197228,
      0.9621412304298501,
      0.19672647151400782,
      0.18159366601293037,
      -0.6955685957102383,
      1.1065864022662888,
      0.3372453797382968,
      -0.21412405062748982,
      null,
      0.5901794145420217,
      0.6744907594765952,
      0.9063469580466734,
      0.516406987724268,
      3.1772064722713296,
      -0.1927116455647412,
      -0.009918981757008546,
      -0.29040574366353294,
      0.9079683300646473,
      2.0023944421961426,
      0.1159280992850391,
      -0.5147429480216139,
      -0.5138977215059778,
      0.8034375223177098,
      0.7213303955513604,
      0.8301424732019648,
      -0.6534129232429521,
      0.3688621340887623,
      0.6567410026482626,
      0.2783612658157375,
      0.9621412304298501,
      0.3840850158130614,
      0.9598522346397712,
      0.40047888843922697,
      0.4110178065560504,
      1.2957322484681972,
      -0.9849706328864566,
      0.12894676284111461,
      -0.0655754905046676,
      -10.039535535286253,
      null,
      1.2962869283690808,
      -0.5502424616782761,
      0.8350837974472145,
      -0.8232754858317269,
      0.00936792721495418,
      0.49289709346366484,
      null,
      0.7271853500607031,
      1.5087293304081735,
      -0.1498868354392421,
      0.0297569452710274,
      0.7962738132709821,
      0.15565171372536724,
      -1.5808377175232686,
      -0.6428740051261286,
      -0.6212414889916005,
      0.47107291138047874,
      0.44635417906539515,
      0.6838586866915486,
      -0.05188390457512395,
      0.5691015783083758,
      0.6639518413597736,
      0.12424829779832072,
      0.44966050631773014,
      -0.10910879932709577,
      -0.009367927214952516,
      0.0,
      -1.4543707001214061,
      0.5585626601915542,
      -0.05324927048499324,
      0.10706202531374491,
      0.6844097412336038,
      0.5339718512523051,
      0.9339102823522104,
      0.18970052610279192,
      -0.1159280992850391,
      0.4082444070516243,
      -1.156269873388449,
      -0.6645717777195866,
      -0.6276511234018318,
      -0.5707229503263497,
      0.9063469580466734,
      -0.47425131525697983,
      0.05324927048499324,
      1.070620253137453,
      0.10910879932709752,
      0.7213303955513604,
      -0.518839045751228,
      0.02107783623364313,
      -0.49532915149062484,
      0.08874878414165856,
      0.7280217721334676,
      -0.8431134493457441,
      0.5152359968224,
      0.5447809980387888,
      -0.5691015783083758,
      -0.8747302036962087,
      0.6212414889916005,
      -0.2997736708784861,
      0.5058680696074465,
      0.25293403480372456,
      1.789994707841736,
      -0.02107783623364313,
      -0.5585626601915542,
      0.72774002996159,
      0.2783612658157375,
      1.2993866101681477,
      0.7775379588410753,
      0.6485488071890344,
      2.466106839336299,
      -0.6850296775934167,
      -0.2662463524249725,
      -0.5781349366942237,
      0.06943287229906159,
      -0.6651228322616419,
      0.9079683300646473,
      -0.02107783623364313,
      -0.8747302036962087,
      -0.7632395436182522,
      0.3425984810039852,
      0.9224653034018141,
      1.5457079904671982,
      2.9833245130695567,
      0.9485026305139634,
      -0.5374848239579111,
      -2.147720576228108,
      0.299773670878488,
      -0.208298616897183,
      -0.046839636074762575,
      -0.2075356183004912,
      0.10538918116821941,
      0.9801193848644262,
      0.6922405163049279,
      -0.0214124050627486,
      -0.3670023250093232,
      -0.8712172309906022,
      -0.1037678091502456,
      0.23185619857008194,
      1.5070652907055158,
      0.6922405163049279,
      0.8350837974472145,
      0.009918981757008546,
      -0.5339718512523034,
      -0.5447809980387888,
      -0.7377242681775246,
      1.759999325509239,
      -0.5147429480216139,
      0.7280217721334676,
      -0.28765047095325313,
      0.8524813765606972,
      0.6744907594765952,
      0.02107783623364313,
      0.1159280992850391,
      -0.4082444070516243,
      0.3425984810039852,
      -0.08927083581307868,
      -0.7025945411214536,
      -1.037678091502456,
      0.18970052610279192,
      1.148742074733575,
      0.3017458660816347,
      null,
      0.267812507439236,
      0.8150096677008871,
      0.1037678091502456,
      -1.032813975448536,
      0.6217961688924855,
      0.3372453797382968,
      0.813671392384464,
      0.0297569452710274,
      -1.002368211999939,
      -1.5305751849661209,
      1.6651490624578449,
      0.8958080399298518,
      -0.6922405163049279,
      -0.813671392384464,
      0.7637615952896739,
      -1.0773116297195608,
      -1.3230395666656296,
      null,
      -0.8325745312289206,
      -0.7632395436182522,
      -0.813671392384464,
      -0.1884606533831659,
      null,
      -0.6485488071890344,
      -0.5269459058410895,
      -2.223711722649397,
      -1.1182346801848833,
      -1.4988683543924344,
      -1.418414391252252,
      -1.2459343195887111,
      -1.2452137098029472,
      -0.44263456090651326,
      -1.8653885066774565,
      -1.3312317621248595,
      -1.4132187341414382,
      -0.9621412304298483,
      null,
      -0.6485488071890344,
      -0.18970052610279192,
      -1.169819910967218,
      -2.502715712794736,
      -1.3918063290786875,
      -0.7439236317756568,
      -0.8524813765606972,
      -2.3347757058805247,
      -2.339639821934436,
      -1.0644307297990006,
      1.1892337074982076,
      0.0214124050627486,
      -1.6564699534204623,
      -1.320877737308333,
      -2.9054986562068743,
      -3.6886213408876265,
      null,
      -0.72774002996159,
      -2.119828101212157,
      -1.6763079169344794,
      null,
      -1.9456464215671032,
      -4.742513152569805,
      -1.970777687845674,
      -3.603200636151285,
      -1.8200544303336692,
      -2.608692202093302,
      -2.3888214398129413,
      -0.05188390457512395
    ],
    "quality": {
      "agg": "median",
      "total_days": 245,
      "non_missing_days": 235,
      "missing_days": 10,
      "missing_fraction": 0.04081632653061224,
      "start": "2025-06-01",
      "end": "2026-01-31"
    }
  },
  "config_used": {
    "baseline": {
      "method": "static",
      "seasonality": "weekly",
      "k": 2.8,
      "min_points_per_bucket": 8,
      "rolling_window_days": 56,
      "rolling_min_periods": 14,
      "eps": 1e-09
    },
    "baseline_break": {
      "min_breaks": 2
    },
    "drift": {
      "baseline_days": 60,
      "gap_days": 7,
      "recent_days": 14,
      "min_points": 14,
      "threshold": 1.1,
      "watch_threshold": 0.9,
      "min_confidence": 0.4,
      "weights": {
        "median_shift": 0.7,
        "var_change": 0.3,
        "ks": 0.4,
        "trend": 0.2
      },
      "eps": 1e-09
    },
    "recovery": {
      "shock_z": 2.3,
      "recover_z": 1.0,
      "require_consecutive_days": 1,
      "baseline_days": 60,
      "gap_days": 7,
      "recent_days": 14,
      "min_shocks": 2,
      "threshold": 0.5,
      "min_confidence": 0.3,
      "eps": 1e-09
    },
    "noise": {
      "baseline_days": 60,
      "gap_days": 7,
      "recent_days": 21,
      "min_points": 14,
      "threshold": 0.35,
      "min_confidence": 0.3,
      "eps": 1e-09
    },
    "data_quality": {
      "missing_fraction_warn": 0.25
    },
    "alerts": {
      "max_alerts": 8
    },
    "output": {
      "max_points": 400
    },
    "coupling": {
      "baseline_days": 60,
      "gap_days": 7,
      "recent_days": 14,
      "min_periods": 7,
      "rolling_days": 14,
      "threshold": 0.12,
      "watch_threshold": 0.08,
      "min_confidence": 0.4
    }
  }
}